Submission id,Participant id,Status,Custom study tncs accepted at,Started at,Completed at,Reviewed at,Archived at,Time taken,Completion code,Total approvals,Age,Sex,Ethnicity simplified,Country of birth,Country of residence,Nationality,Language,Student status,Employment status
686b793138cbd11963b1c1a8,66a65fa27457d9821eea23b6,APPROVED,Not Applicable,2025-07-07T07:37:25.745000Z,2025-07-07T07:40:44.253000Z,2025-07-07T07:40:46.676000Z,2025-07-07T07:40:45.049608Z,199.0,CP2ZDXDH,80,28,Male,Black,Nigeria,United Kingdom,Nigeria,English,No,Full-Time
686b7948bf28b963d75205d3,66b73f9ba035651170b94c76,APPROVED,Not Applicable,2025-07-07T07:37:53.504000Z,2025-07-07T07:41:30.823000Z,2025-07-07T07:41:31.355000Z,2025-07-07T07:41:31.253624Z,218.0,CP2ZDXDH,1253,43,Female,White,United Kingdom,United Kingdom,United Kingdom,English,No,Other
686b796afcbbb8075e82edaf,65ba6a143395d20859b4de80,APPROVED,Not Applicable,2025-07-07T07:38:34.181000Z,2025-07-07T07:44:17.443000Z,2025-07-07T07:44:23.052000Z,2025-07-07T07:44:17.926580Z,344.0,CP2ZDXDH,1309,64,Female,White,United Kingdom,United Kingdom,United Kingdom,English,No,"Not in paid work (e.g. homemaker', 'retired or disabled)"
686b796b1f0512ee637ead69,6151556ef73ba765c7ff55f6,APPROVED,Not Applicable,2025-07-07T07:38:23.284000Z,2025-07-07T07:42:32.971000Z,2025-07-07T07:42:58.638000Z,2025-07-07T07:42:33.387443Z,250.0,CP2ZDXDH,3557,43,Male,Asian,United Kingdom,United Kingdom,United Kingdom,English,No,Full-Time
686b796d101c9a012c571122,5f0db498f5e4e102c0f65b67,APPROVED,Not Applicable,2025-07-07T07:38:24.399000Z,2025-07-07T07:43:23.471000Z,2025-07-07T07:44:04.205000Z,2025-07-07T07:43:23.907703Z,300.0,CP2ZDXDH,1885,21,Female,White,United Kingdom,United Kingdom,United Kingdom,English,No,Full-Time
686b796ff853ed526640743e,5ac3be251667e40001d85279,APPROVED,Not Applicable,2025-07-07T07:38:28.231000Z,2025-07-07T07:41:58.096000Z,2025-07-07T07:42:38.842000Z,2025-07-07T07:41:58.522296Z,210.0,CP2ZDXDH,871,55,Female,White,United Kingdom,United Kingdom,United Kingdom,English,No,Full-Time
686b796ffc053fb9bdf63adb,5a8edb14b093f80001a83682,APPROVED,Not Applicable,2025-07-07T07:38:28.372000Z,2025-07-07T07:42:45.306000Z,2025-07-07T07:42:54.043000Z,2025-07-07T07:42:45.742393Z,257.0,CP2ZDXDH,3543,58,Female,Black,Jamaica,United Kingdom,United Kingdom,English,No,Full-Time
686b79725d88b5618e27fe28,5ef300561f16070008a1ad45,APPROVED,Not Applicable,2025-07-07T07:38:30.378000Z,2025-07-07T07:40:45.156000Z,2025-07-21T15:20:33.095000Z,2025-07-07T07:40:45.714847Z,135.0,CP2ZDXDH,1946,34,Female,White,United Kingdom,United Kingdom,United Kingdom,English,DATA_EXPIRED,Part-Time
686b7972abecda2ec83fa627,5f0f624774af6210bf4503e9,APPROVED,Not Applicable,2025-07-07T07:38:28.271000Z,2025-07-07T07:41:58.929000Z,2025-07-07T07:42:14.526000Z,2025-07-07T07:41:59.334997Z,211.0,CP2ZDXDH,528,38,Male,White,United Kingdom,United Kingdom,United Kingdom,English,No,Full-Time
686b7974b61fafedaadf45b8,5ecd49233f464e08bf0e4c50,APPROVED,Not Applicable,2025-07-07T07:38:32.573000Z,2025-07-07T07:41:03.660000Z,2025-07-21T15:20:33.389000Z,2025-07-07T07:41:04.077911Z,152.0,CP2ZDXDH,3575,44,Male,White,United Kingdom,United Kingdom,United Kingdom,English,No,Full-Time
686b79754fbe02662ddf76f6,62e02b26e879244a99e852fa,APPROVED,Not Applicable,2025-07-07T07:38:36.907000Z,2025-07-07T07:41:21.603000Z,2025-07-21T15:20:33.628000Z,2025-07-07T07:41:22.011540Z,165.0,CP2ZDXDH,2885,49,Male,White,United Kingdom,United Kingdom,United Kingdom,English,DATA_EXPIRED,DATA_EXPIRED
686b7976e49534d0a70cd8a9,66e2a2ec71dae5985918fc32,APPROVED,Not Applicable,2025-07-07T07:38:34.858000Z,2025-07-07T07:41:42.244000Z,2025-07-07T07:41:43.427000Z,2025-07-07T07:41:42.658505Z,188.0,CP2ZDXDH,837,57,Male,White,United Kingdom,United Kingdom,United Kingdom,English,DATA_EXPIRED,Unemployed (and job seeking)
686b79775700ff6f9e16e920,665c2d0fb795187f35e03d22,APPROVED,Not Applicable,2025-07-07T07:38:37.569000Z,2025-07-07T07:44:38.982000Z,2025-07-07T07:44:41.281000Z,2025-07-07T07:44:39.383506Z,362.0,CP2ZDXDH,913,60,Female,White,United Kingdom,United Kingdom,United Kingdom,English,No,Full-Time
686b797776e44e45b53cb5f8,6773dea609f77d473900997a,APPROVED,Not Applicable,2025-07-07T07:38:36.551000Z,2025-07-07T07:57:42.434000Z,2025-07-07T07:57:45.493000Z,2025-07-07T07:57:42.896611Z,1146.0,CP2ZDXDH,620,32,Female,Black,Nigeria,United Kingdom,Nigeria,English,DATA_EXPIRED,Full-Time
686b79795a3a93d5db5b3a3b,5a993130f6dfdd0001ea8301,APPROVED,Not Applicable,2025-07-07T07:38:36.110000Z,2025-07-07T07:41:12.961000Z,2025-07-21T15:20:33.911000Z,2025-07-07T07:41:13.372265Z,157.0,CP2ZDXDH,2599,49,Male,White,United Kingdom,United Kingdom,United Kingdom,English,No,Full-Time
686b797a4bab2efa5228f689,5e1471b5a99550a8a867bfb4,APPROVED,Not Applicable,2025-07-07T07:38:36.445000Z,2025-07-07T07:41:03.411000Z,2025-07-21T15:20:34.157000Z,2025-07-07T07:41:03.811710Z,147.0,CP2ZDXDH,694,36,Female,White,United Kingdom,United Kingdom,United Kingdom,English,No,Full-Time
686b797b4b0bd6fcd1572283,65a3f461bfa22dde98c10436,APPROVED,Not Applicable,2025-07-07T07:38:39.713000Z,2025-07-07T07:42:38.968000Z,2025-07-07T07:43:09.742000Z,2025-07-07T07:42:39.420441Z,240.0,CP2ZDXDH,912,37,Female,White,United Kingdom,United Kingdom,United Kingdom,English,No,"Not in paid work (e.g. homemaker', 'retired or disabled)"
686b797b870480e4352d5452,57681fca8e454c000133a203,APPROVED,Not Applicable,2025-07-07T07:38:40.856000Z,2025-07-07T07:47:23.591000Z,2025-07-07T07:47:27.743000Z,2025-07-07T07:47:24.195664Z,523.0,CP2ZDXDH,2801,27,Male,White,United Kingdom,United Kingdom,United Kingdom,English,No,"Not in paid work (e.g. homemaker', 'retired or disabled)"
686b797c1c127e6bb00d7f98,5a4563211ba496000102a703,APPROVED,Not Applicable,2025-07-07T07:38:41.934000Z,2025-07-07T07:44:34.311000Z,2025-07-07T07:44:34.868000Z,2025-07-07T07:44:34.773685Z,353.0,CP2ZDXDH,1642,41,Female,White,United Kingdom,United Kingdom,United Kingdom,English,DATA_EXPIRED,DATA_EXPIRED
686b797d746b52c56eed70ff,574da26c7f1e770007f42d11,APPROVED,Not Applicable,2025-07-07T07:38:42.303000Z,2025-07-07T07:42:58.153000Z,2025-07-07T07:43:33.860000Z,2025-07-07T07:42:58.586201Z,256.0,CP2ZDXDH,3768,69,Male,White,United Kingdom,United Kingdom,United Kingdom,English,No,Part-Time
686b797db604106be50f3c15,5d20f6cbc1dc1c0001162dd5,APPROVED,Not Applicable,2025-07-07T07:38:41.251000Z,2025-07-07T07:54:11.314000Z,2025-07-07T07:54:16.999000Z,2025-07-07T07:54:11.806653Z,931.0,CP2ZDXDH,1650,37,Female,White,United Kingdom,United Kingdom,United Kingdom,English,No,DATA_EXPIRED
686b797e10648e293874ce8f,651ab77f6ee1c6bf2ecf4802,APPROVED,Not Applicable,2025-07-07T07:38:47.849000Z,2025-07-07T07:42:15.602000Z,2025-07-07T07:42:18.664000Z,2025-07-07T07:42:16.036638Z,208.0,CP2ZDXDH,1491,54,Male,White,United Kingdom,United Kingdom,United Kingdom,English,DATA_EXPIRED,Full-Time
686b797f1cd11f506c988c64,677a56e46b6902b5e84aac20,APPROVED,Not Applicable,2025-07-07T07:38:43.680000Z,2025-07-07T07:42:54.354000Z,2025-07-07T07:43:30.136000Z,2025-07-07T07:42:54.814720Z,251.0,CP2ZDXDH,614,45,Male,White,United Kingdom,United Kingdom,United Kingdom,English,DATA_EXPIRED,DATA_EXPIRED
686b797fd908485150ae2e30,63dab24ece887158c2adb6d7,APPROVED,Not Applicable,2025-07-07T07:38:45.109000Z,2025-07-07T07:41:33.478000Z,2025-07-21T15:20:35.165000Z,2025-07-07T07:41:33.869207Z,169.0,CP2ZDXDH,2140,61,Male,White,United Kingdom,United Kingdom,United Kingdom,English,No,Full-Time
686b798011ffbf5c901abc5b,65787269e68b8f57359ac1ab,APPROVED,Not Applicable,2025-07-07T07:38:43.811000Z,2025-07-07T07:43:47.717000Z,2025-07-07T07:43:51.027000Z,2025-07-07T07:43:48.169654Z,304.0,CP2ZDXDH,1465,53,Male,White,United Kingdom,United Kingdom,United Kingdom,English,DATA_EXPIRED,DATA_EXPIRED
686b798189b1034b60cf5724,672d0d8193ca95b72d278b17,APPROVED,Not Applicable,2025-07-07T07:38:48.274000Z,2025-07-07T07:48:14.173000Z,2025-07-07T07:48:19.720000Z,2025-07-07T07:48:14.586250Z,566.0,CP2ZDXDH,449,55,Female,White,United Kingdom,United Kingdom,United Kingdom,English,No,Full-Time
686b798218c9ec328827fe19,60886f033e4f5c214da0c898,APPROVED,Not Applicable,2025-07-07T07:38:46.838000Z,2025-07-07T07:42:09.362000Z,2025-07-07T07:42:40.076000Z,2025-07-07T07:42:09.791084Z,203.0,CP2ZDXDH,2928,49,Female,White,United Kingdom,United Kingdom,United Kingdom,English,No,Part-Time
686b7984445f179649c9e2f8,637e3297cb88d8b2f69b9c7f,APPROVED,Not Applicable,2025-07-07T07:38:55.143000Z,2025-07-07T07:44:23.536000Z,2025-07-07T07:44:26.567000Z,2025-07-07T07:44:23.930246Z,329.0,CP2ZDXDH,147,34,Female,White,United Kingdom,United Kingdom,United Kingdom,English,No,Part-Time
686b7985a7eb25dd2cefc085,5d87a74208667b0001eff922,APPROVED,Not Applicable,2025-07-07T07:39:01.391000Z,2025-07-07T07:43:08.565000Z,2025-07-07T07:43:34.193000Z,2025-07-07T07:43:08.976381Z,248.0,CP2ZDXDH,3260,55,Male,White,United Kingdom,United Kingdom,United Kingdom,English,No,Full-Time
686b798712134ab9e7b2eac4,62a71d4e0485f3195cd5fe54,APPROVED,Not Applicable,2025-07-07T07:38:53.826000Z,2025-07-07T07:42:39.994000Z,2025-07-07T07:42:40.523000Z,2025-07-07T07:42:40.419035Z,227.0,CP2ZDXDH,820,33,Male,White,Bulgaria,United Kingdom,United Kingdom,English,No,Full-Time
686b7987999db021ca8d1c0a,577eadd282f7f90001ee685f,APPROVED,Not Applicable,2025-07-07T07:38:52.741000Z,2025-07-07T07:44:17.563000Z,2025-07-07T07:44:28.158000Z,2025-07-07T07:44:18.010150Z,325.0,CP2ZDXDH,790,67,Female,White,United Kingdom,United Kingdom,United Kingdom,English,No,DATA_EXPIRED
686b79885a0cb3ae966b4886,5ead58cf86ea9b025ef6c153,APPROVED,Not Applicable,2025-07-07T07:38:55.145000Z,2025-07-07T07:45:11.644000Z,2025-07-07T07:45:22.200000Z,2025-07-07T07:45:12.051573Z,377.0,CP2ZDXDH,3274,69,Male,White,United Kingdom,United Kingdom,United Kingdom,English,No,"Not in paid work (e.g. homemaker', 'retired or disabled)"
686b798a657ed0012b632cff,5b100cb0a3553300017541c8,APPROVED,Not Applicable,2025-07-07T07:38:54.136000Z,2025-07-07T07:43:35.880000Z,2025-07-07T07:43:41.415000Z,2025-07-07T07:43:36.298321Z,282.0,CP2ZDXDH,3710,65,Female,White,United Kingdom,United Kingdom,United Kingdom,English,No,"Not in paid work (e.g. homemaker', 'retired or disabled)"
686b798c420c98ad08e570b0,6159a9934916fb5916904f31,APPROVED,Not Applicable,2025-07-07T07:39:06.871000Z,2025-07-07T07:47:50.717000Z,2025-07-07T07:47:53.516000Z,2025-07-07T07:47:51.138866Z,524.0,CP2ZDXDH,348,38,Female,White,United Kingdom,United Kingdom,United Kingdom,English,DATA_EXPIRED,DATA_EXPIRED
686b7990341ef79a325b3a5b,665ca9614fa57fdf6f53a532,APPROVED,Not Applicable,2025-07-07T07:39:02.932000Z,2025-07-07T07:48:56.021000Z,2025-07-07T07:48:56.631000Z,2025-07-07T07:48:56.478286Z,594.0,CP2ZDXDH,415,38,Female,White,United Kingdom,United Kingdom,United Kingdom,English,DATA_EXPIRED,DATA_EXPIRED
686b7994641825eef38b879f,5b72d8042aeef10001972da0,APPROVED,Not Applicable,2025-07-07T07:39:15.727000Z,2025-07-07T07:42:29.899000Z,2025-07-07T07:42:50.604000Z,2025-07-07T07:42:30.321908Z,195.0,CP2ZDXDH,2919,31,Female,White,United Kingdom,United Kingdom,United Kingdom,English,No,Full-Time
686b7995762a45b32722c43b,5ac22f45436f550001ffbad2,APPROVED,Not Applicable,2025-07-07T07:39:05.118000Z,2025-07-07T07:44:13.888000Z,2025-07-07T07:44:34.517000Z,2025-07-07T07:44:14.327093Z,309.0,CP2ZDXDH,2920,67,Male,White,United Kingdom,United Kingdom,United Kingdom,English,No,"Not in paid work (e.g. homemaker', 'retired or disabled)"
686b79959d6afcd6cc07a75e,5cd942fdcc98b20019852b50,APPROVED,Not Applicable,2025-07-07T07:40:00.733000Z,2025-07-07T07:48:20.355000Z,2025-07-07T07:48:20.890000Z,2025-07-07T07:48:20.793862Z,500.0,CP2ZDXDH,3129,60,Female,White,United Kingdom,United Kingdom,United Kingdom,English,No,"Not in paid work (e.g. homemaker', 'retired or disabled)"
686b79999a3d1cd31661e299,65b3beb4463142ec09dfa888,APPROVED,Not Applicable,2025-07-07T07:39:08.843000Z,2025-07-07T07:44:19.238000Z,2025-07-07T07:44:29.829000Z,2025-07-07T07:44:19.674663Z,311.0,CP2ZDXDH,1153,33,Female,White,United Kingdom,United Kingdom,United Kingdom,English,No,Part-Time
686b799bb495c31a66addbcd,58945874b5496d00018cfe1c,APPROVED,Not Applicable,2025-07-07T07:39:13.022000Z,2025-07-07T07:43:42.897000Z,2025-07-07T07:43:44.737000Z,2025-07-07T07:43:43.323998Z,270.0,CP2ZDXDH,2819,48,Female,White,United Kingdom,United Kingdom,United Kingdom,English,DATA_EXPIRED,DATA_EXPIRED
686b799d86dcc6ab73f86b3a,63d5384e1162358d3233adf9,APPROVED,Not Applicable,2025-07-07T07:42:13.355000Z,2025-07-07T07:51:29.521000Z,2025-07-07T07:51:35.119000Z,2025-07-07T07:51:29.967991Z,557.0,CP2ZDXDH,911,34,Male,Black,United Kingdom,United Kingdom,United Kingdom,English,No,Full-Time
686b799f870480e4352d545a,5d301a7c9f79cb001cdcbc91,APPROVED,Not Applicable,2025-07-07T07:39:16.537000Z,2025-07-07T07:42:17.419000Z,2025-07-07T07:42:48.109000Z,2025-07-07T07:42:17.844478Z,181.0,CP2ZDXDH,4266,46,Male,White,United Kingdom,United Kingdom,United Kingdom,English,No,Full-Time
686b79a37f451afbdf9e7a24,62b2080f8f89f2f15c47d9ba,APPROVED,Not Applicable,2025-07-07T07:39:20.766000Z,2025-07-07T07:41:55.952000Z,2025-07-21T15:20:35.470000Z,2025-07-07T07:41:56.381253Z,156.0,CP2ZDXDH,2604,55,Female,White,United Kingdom,United Kingdom,United Kingdom,English,No,"Not in paid work (e.g. homemaker', 'retired or disabled)"
686b79a509ebaf590f18fde9,6659a3110ccaa9dc948dc808,APPROVED,Not Applicable,2025-07-07T07:39:39.103000Z,2025-07-07T07:47:15.006000Z,2025-07-07T07:47:17.955000Z,2025-07-07T07:47:15.451902Z,456.0,CP2ZDXDH,337,34,Male,White,Italy,United Kingdom,United Kingdom,English,No,Full-Time
686b79aa5461570d829c1c71,6667fa049da88a68344befc2,APPROVED,Not Applicable,2025-07-07T07:39:29.294000Z,2025-07-07T07:42:41.145000Z,2025-07-07T07:42:56.905000Z,2025-07-07T07:42:41.556376Z,192.0,CP2ZDXDH,768,32,Male,White,United Kingdom,United Kingdom,United Kingdom,English,No,Full-Time
686b79abad317638fb7b46a8,66fbc35985ff22e3e81fc62a,APPROVED,Not Applicable,2025-07-07T07:39:30.981000Z,2025-07-07T07:46:00.077000Z,2025-07-07T07:46:01.545000Z,2025-07-07T07:46:00.519173Z,390.0,CP2ZDXDH,97,64,Male,White,United Kingdom,United Kingdom,United Kingdom,English,No,Part-Time
686b79aca82c4eb0d8764aaa,63ea4a7fa7d709c8e7887a93,APPROVED,Not Applicable,2025-07-07T07:39:30.419000Z,2025-07-07T07:43:26.050000Z,2025-07-07T07:43:28.372000Z,2025-07-07T07:43:26.485882Z,236.0,CP2ZDXDH,2343,49,Male,White,United Kingdom,United Kingdom,United Kingdom,English,No,Part-Time
686b79aded85e360a49a0fbe,5ac337b6a3ba7a0001b48ad3,APPROVED,Not Applicable,2025-07-07T07:39:29.211000Z,2025-07-07T07:42:09.167000Z,2025-07-21T15:20:35.711000Z,2025-07-08T12:57:33.309584Z,160.0,CP2ZDXDH,1320,55,Female,White,United Kingdom,United Kingdom,United Kingdom,English,DATA_EXPIRED,Part-Time
686b79ae8120201c12231518,6765db00a847d25603e7ac52,APPROVED,Not Applicable,2025-07-07T07:39:31.474000Z,2025-07-07T07:45:25.646000Z,2025-07-07T07:45:26.823000Z,2025-07-07T07:45:26.033008Z,355.0,CP2ZDXDH,346,49,Female,Black,Nigeria,United Kingdom,Nigeria,English,No,DATA_EXPIRED
686b79b191050ad609374522,5bbb5e3f118c0600013c3202,APPROVED,Not Applicable,2025-07-07T07:39:34.164000Z,2025-07-07T07:47:25.075000Z,2025-07-07T07:47:31.314000Z,2025-07-07T07:47:25.504525Z,471.0,CP2ZDXDH,3637,39,Female,White,United Kingdom,United Kingdom,United Kingdom,English,Yes,Full-Time
686b79b1bfc5064538fafc63,62eac867210f0e2e8d322d44,APPROVED,Not Applicable,2025-07-07T07:39:34.997000Z,2025-07-07T07:44:24.875000Z,2025-07-07T07:44:45.509000Z,2025-07-07T07:44:25.288399Z,290.0,CP2ZDXDH,2703,54,Female,White,United Kingdom,United Kingdom,United Kingdom,English,No,Full-Time
686b79b213636f2a22e86236,665a0afb57cc47e4a02b8439,APPROVED,Not Applicable,2025-07-07T07:39:40.116000Z,2025-07-07T07:44:47.386000Z,2025-07-07T07:44:52.939000Z,2025-07-07T07:44:47.790913Z,308.0,CP2ZDXDH,926,32,Male,White,United Kingdom,United Kingdom,United Kingdom,English,DATA_EXPIRED,DATA_EXPIRED
686b79b2da65f1fd0233eaa8,5b829a201a1b2200016e86c4,APPROVED,Not Applicable,2025-07-07T07:39:33.653000Z,2025-07-07T07:44:12.852000Z,2025-07-07T07:44:15.609000Z,2025-07-07T07:44:13.290298Z,280.0,CP2ZDXDH,1499,31,Male,White,United Kingdom,United Kingdom,United Kingdom,English,DATA_EXPIRED,Unemployed (and job seeking)
686b79b49ed5ceda9754784d,6720fbc84253185973cbe564,APPROVED,Not Applicable,2025-07-07T07:39:50.233000Z,2025-07-07T07:47:27.165000Z,2025-07-07T07:47:32.784000Z,2025-07-07T07:47:27.567054Z,457.0,CP2ZDXDH,836,36,Male,White,United Kingdom,United Kingdom,United Kingdom,English,No,Full-Time
686b79b5cca3bfd15cc026e6,60fc1f84103c6aa86a429ada,APPROVED,Not Applicable,2025-07-07T07:46:32.887000Z,2025-07-07T07:53:04.807000Z,2025-07-07T07:53:06.428000Z,2025-07-07T07:53:05.258141Z,392.0,CP2ZDXDH,916,30,Male,Black,Zimbabwe,United Kingdom,United Kingdom,English,DATA_EXPIRED,DATA_EXPIRED
686b79b71487e632eb5c9e16,5bb0cc738f3bd70001e513e3,APPROVED,Not Applicable,2025-07-07T07:39:40.183000Z,2025-07-07T07:43:28.735000Z,2025-07-07T07:43:34.458000Z,2025-07-07T07:43:29.336028Z,229.0,CP2ZDXDH,3207,32,Female,White,United Kingdom,United Kingdom,United Kingdom,English,DATA_EXPIRED,Full-Time
686b79b856f84fe3c1ee05ab,5af2a03697a14300017d2ba4,APPROVED,Not Applicable,2025-07-07T07:40:32.113000Z,2025-07-07T07:45:41.423000Z,2025-07-07T07:45:52.050000Z,2025-07-07T07:45:41.858976Z,310.0,CP2ZDXDH,3103,51,Male,White,United Kingdom,United Kingdom,United Kingdom,English,No,Full-Time
686b79b859d8ed03fcb90156,667dcf1309a59ce9ec44022b,APPROVED,Not Applicable,2025-07-07T07:39:46.423000Z,2025-07-07T07:59:36.590000Z,2025-07-07T07:59:38.956000Z,2025-07-07T07:59:37.018509Z,1191.0,CP2ZDXDH,963,33,Male,Black,United Kingdom,United Kingdom,United Kingdom,English,No,Full-Time
686b79b990a8cf51fda2ecf0,5eadaff848b26f4483ae62d9,APPROVED,Not Applicable,2025-07-07T07:39:49.758000Z,2025-07-07T07:43:19.716000Z,2025-07-07T07:43:40.675000Z,2025-07-07T07:43:20.136965Z,210.0,CP2ZDXDH,5896,44,Male,White,United Kingdom,United Kingdom,United Kingdom,English,No,Full-Time
686b79ba7e1dfd3fb6f9103c,67605951e1f4b47505d35e98,APPROVED,Not Applicable,2025-07-07T07:39:47.130000Z,2025-07-07T07:44:49.439000Z,2025-07-07T07:44:50.057000Z,2025-07-07T07:44:49.883818Z,303.0,CP2ZDXDH,264,27,Female,White,United Kingdom,United Kingdom,United Kingdom,English,DATA_EXPIRED,DATA_EXPIRED
686b79bcaea33bdc3f06a016,669672853f3d48a05239fa9c,APPROVED,Not Applicable,2025-07-07T07:40:57.954000Z,2025-07-07T07:44:24.664000Z,2025-07-07T07:45:05.380000Z,2025-07-07T07:44:25.067156Z,207.0,CP2ZDXDH,769,26,Female,White,United Kingdom,United Kingdom,United Kingdom,English,No,Part-Time
686b79bceadcb378c6b84d91,63ed0392b8b24c34aaf26310,APPROVED,Not Applicable,2025-07-07T07:39:48.795000Z,2025-07-07T07:45:41.287000Z,2025-07-07T07:45:46.871000Z,2025-07-07T07:45:41.735874Z,353.0,CP2ZDXDH,1667,46,Female,White,Netherlands,United Kingdom,Netherlands,English,No,Part-Time
686b79be7f451afbdf9e7a29,5d5e66b3844f160001f24150,APPROVED,Not Applicable,2025-07-07T07:39:46.512000Z,2025-07-07T07:44:23.913000Z,2025-07-07T07:44:29.465000Z,2025-07-07T07:44:24.334861Z,278.0,CP2ZDXDH,1816,66,Female,White,United Kingdom,United Kingdom,United Kingdom,English,No,"Not in paid work (e.g. homemaker', 'retired or disabled)"
686b79be7f451afbdf9e7a2c,5f514593ea1e87365b9cb05f,APPROVED,Not Applicable,2025-07-07T07:39:54.107000Z,2025-07-07T07:47:28.452000Z,2025-07-07T07:47:34.023000Z,2025-07-07T07:47:28.900300Z,455.0,CP2ZDXDH,4994,55,Male,Asian,United Kingdom,United Kingdom,United Kingdom,English,No,Full-Time
686b79be88690795beddcfc6,63469662d9e84d379f52c166,APPROVED,Not Applicable,2025-07-07T07:39:47.502000Z,2025-07-07T07:45:13.953000Z,2025-07-07T07:45:16.464000Z,2025-07-07T07:45:14.391867Z,327.0,CP2ZDXDH,1747,63,Male,White,United Kingdom,United Kingdom,United Kingdom,English,No,Full-Time
686b79bf9bac91f03ccef845,56a7da16c89737000b22953c,APPROVED,Not Applicable,2025-07-07T07:39:47.037000Z,2025-07-07T07:43:49.591000Z,2025-07-07T07:44:05.227000Z,2025-07-07T07:43:50.041381Z,243.0,CP2ZDXDH,3439,62,Female,White,United Kingdom,United Kingdom,United Kingdom,English,No,Full-Time
686b79c1e12437e8d3c92b77,63f77a5dde1ea03305e119e0,APPROVED,Not Applicable,2025-07-07T07:41:33.916000Z,2025-07-07T07:45:03.193000Z,2025-07-07T07:45:03.786000Z,2025-07-07T07:45:03.635823Z,210.0,CP2ZDXDH,855,31,Male,White,Ireland,United Kingdom,Ireland,English,No,Full-Time
686b79c21710ff38c84eec12,5e3c759575109a055e99b38a,APPROVED,Not Applicable,2025-07-07T07:39:51.247000Z,2025-07-07T07:43:56.553000Z,2025-07-07T07:44:12.125000Z,2025-07-07T07:43:56.948317Z,246.0,CP2ZDXDH,2339,44,Male,White,United Kingdom,United Kingdom,United Kingdom,English,DATA_EXPIRED,DATA_EXPIRED
686b79c2d123c786e0520678,5edca29654fe059801608fc0,APPROVED,Not Applicable,2025-07-07T07:39:51.582000Z,2025-07-07T07:45:42.310000Z,2025-07-07T07:45:52.884000Z,2025-07-07T07:45:42.731980Z,351.0,CP2ZDXDH,2928,40,Female,White,United Kingdom,United Kingdom,United Kingdom,English,DATA_EXPIRED,Part-Time
686b79c30d5567a9c6a7f3ea,5f25e860dd98342ce97e7403,APPROVED,Not Applicable,2025-07-07T07:39:53.228000Z,2025-07-07T07:47:34.677000Z,2025-07-07T07:47:35.221000Z,2025-07-07T07:47:35.102253Z,462.0,CP2ZDXDH,2515,31,Female,White,United Kingdom,United Kingdom,United Kingdom,English,No,Full-Time
686b79c4454d83bafc0d7a5c,5e2872fffcdb020467d12799,APPROVED,Not Applicable,2025-07-07T07:39:53.542000Z,2025-07-07T07:43:49.202000Z,2025-07-07T07:44:11.613000Z,2025-07-07T07:43:49.626491Z,236.0,CP2ZDXDH,3531,79,Male,White,United Kingdom,United Kingdom,United Kingdom,English,No,"Not in paid work (e.g. homemaker', 'retired or disabled)"
686b79c45a2fd191db0e30f9,66d5b98153700fd933371467,APPROVED,Not Applicable,2025-07-07T07:39:53.446000Z,2025-07-07T07:43:04.831000Z,2025-07-07T07:43:15.396000Z,2025-07-07T07:43:05.229050Z,192.0,CP2ZDXDH,703,18,Male,White,United Kingdom,United Kingdom,United Kingdom,English,Yes,Full-Time
686b79c47827e001f422c45c,62712a5f4a725b715e1b0520,APPROVED,Not Applicable,2025-07-07T07:39:51.500000Z,2025-07-07T07:44:11.785000Z,2025-07-07T07:44:27.422000Z,2025-07-07T07:44:12.240934Z,261.0,CP2ZDXDH,704,24,Male,White,United Kingdom,United Kingdom,United Kingdom,English,No,Full-Time
686b79c71c0d40b6c430839e,5c9224087a7067000190b119,APPROVED,Not Applicable,2025-07-07T07:40:16.108000Z,2025-07-07T07:43:59.227000Z,2025-07-07T07:44:02.663000Z,2025-07-07T07:43:59.636138Z,224.0,CP2ZDXDH,4460,54,Female,White,United Kingdom,United Kingdom,United Kingdom,English,DATA_EXPIRED,Full-Time
686b79c7ed85e360a49a0fc7,67160649a88bd704f98575e9,APPROVED,Not Applicable,2025-07-07T07:39:54.680000Z,2025-07-07T07:45:34.148000Z,2025-07-07T07:45:49.780000Z,2025-07-07T07:45:34.583186Z,340.0,CP2ZDXDH,967,62,Male,White,United Kingdom,United Kingdom,United Kingdom,English,No,Full-Time
686b79c9bd2bd70089e7e706,5657688f995911000a482d40,APPROVED,Not Applicable,2025-07-07T07:39:56.734000Z,2025-07-07T07:43:37.183000Z,2025-07-07T07:43:42.765000Z,2025-07-07T07:43:37.634463Z,221.0,CP2ZDXDH,1843,46,Male,White,United Kingdom,United Kingdom,United Kingdom,English,No,Unemployed (and job seeking)
686b79c9f49e289c17dfa44f,5e6a923f59a3bd04d5edc606,APPROVED,Not Applicable,2025-07-07T07:40:00.277000Z,2025-07-07T07:43:22.129000Z,2025-07-07T07:43:47.812000Z,2025-07-07T07:43:22.561107Z,202.0,CP2ZDXDH,3019,37,Female,White,United Kingdom,United Kingdom,United Kingdom,English,No,"Not in paid work (e.g. homemaker', 'retired or disabled)"
686b79ca17a18ef41a007fff,6761adf900e5cf16c621131b,APPROVED,Not Applicable,2025-07-07T07:40:03.457000Z,2025-07-07T07:57:44.572000Z,2025-07-07T07:57:55.607000Z,2025-07-07T07:57:45.040176Z,1062.0,CP2ZDXDH,24,27,Male,White,United Kingdom,United Kingdom,United Kingdom,English,DATA_EXPIRED,Full-Time
686b79ca99d465520674a02d,5bbc3d95f1f9ba000141d855,APPROVED,Not Applicable,2025-07-07T07:42:45.632000Z,2025-07-07T07:47:59.839000Z,2025-07-07T07:48:03.287000Z,2025-07-07T07:48:00.247975Z,315.0,CP2ZDXDH,4606,66,Female,White,United Kingdom,United Kingdom,United Kingdom,English,No,Full-Time
686b79cb26e8dbcb78e77fd1,6658e2cb395c02efada6a7a1,APPROVED,Not Applicable,2025-07-07T07:43:32.703000Z,2025-07-07T07:48:14.501000Z,2025-07-07T07:48:20.112000Z,2025-07-07T07:48:14.966915Z,282.0,CP2ZDXDH,1197,34,Female,White,United Kingdom,United Kingdom,United Kingdom,English,No,Part-Time
686b79cba257ce4459c0ea8f,61680035775d6be6c3034464,APPROVED,Not Applicable,2025-07-07T07:40:01.099000Z,2025-07-07T07:43:19.978000Z,2025-07-07T07:43:30.554000Z,2025-07-07T07:43:20.401451Z,199.0,CP2ZDXDH,751,41,Female,White,United Kingdom,United Kingdom,United Kingdom,English,No,Full-Time
686b79cbb78823832354481c,5c1d234d89f035000172aeb7,APPROVED,Not Applicable,2025-07-07T07:40:00.797000Z,2025-07-07T07:43:34.800000Z,2025-07-07T07:43:40.356000Z,2025-07-07T07:43:35.241193Z,215.0,CP2ZDXDH,3859,28,Male,White,United Kingdom,United Kingdom,United Kingdom,English,No,Unemployed (and job seeking)
686b79cc6290a3e53a6a9248,5b2e27ef532e3d00018de45c,APPROVED,Not Applicable,2025-07-07T07:40:00.795000Z,2025-07-07T07:43:53.062000Z,2025-07-07T07:43:56.022000Z,2025-07-07T07:43:53.467350Z,233.0,CP2ZDXDH,937,42,Female,White,United Kingdom,United Kingdom,United Kingdom,English,No,"Not in paid work (e.g. homemaker', 'retired or disabled)"
686b79ccb982e5f840cadebc,67c0c81d7a68441d6be8e944,APPROVED,Not Applicable,2025-07-07T07:40:02.572000Z,2025-07-07T07:44:04.296000Z,2025-07-07T07:44:04.891000Z,2025-07-07T07:44:04.711730Z,242.0,CP2ZDXDH,955,32,Female,White,United States,United Kingdom,United Kingdom,English,DATA_EXPIRED,Full-Time
686b79ccc72fd94b6287187e,669053bbebafdd430e770142,APPROVED,Not Applicable,2025-07-07T07:40:02.998000Z,2025-07-07T07:43:17.493000Z,2025-07-07T07:43:19.607000Z,2025-07-07T07:43:17.932152Z,195.0,CP2ZDXDH,1279,50,Female,White,United Kingdom,United Kingdom,United Kingdom,English,No,Part-Time
686b79cce49534d0a70cd8b8,5589ce88fdf99b18bd86d051,APPROVED,Not Applicable,2025-07-07T07:40:09.808000Z,2025-07-07T07:53:24.628000Z,2025-07-07T07:53:30.194000Z,2025-07-07T07:53:25.075520Z,795.0,CP2ZDXDH,963,60,Male,Black,Ghana,United Kingdom,United Kingdom,English,DATA_EXPIRED,DATA_EXPIRED
686b79cd04a77be242aee014,63f0ac76a8c1914f6f163539,APPROVED,Not Applicable,2025-07-07T07:40:33.754000Z,2025-07-07T07:46:27.644000Z,2025-07-07T07:46:28.168000Z,2025-07-07T07:46:28.062776Z,354.0,CP2ZDXDH,1958,64,Female,White,United Kingdom,United Kingdom,United Kingdom,English,No,Part-Time
686b79cdb20f189b6b4c2240,63d16bb09fbf6b74afb1a010,APPROVED,Not Applicable,2025-07-07T07:39:57.891000Z,2025-07-07T07:43:33.350000Z,2025-07-07T07:43:38.922000Z,2025-07-07T07:43:33.787332Z,216.0,CP2ZDXDH,3059,48,Male,White,United Kingdom,United Kingdom,United Kingdom,English,No,Full-Time
686b79cdcebfaaf4de4f5864,57bafa6cc308ca00014527c2,APPROVED,Not Applicable,2025-07-07T07:40:04.262000Z,2025-07-07T07:46:07.463000Z,2025-07-07T07:46:09.396000Z,2025-07-07T07:46:07.854349Z,364.0,CP2ZDXDH,1367,57,Female,White,United Kingdom,United Kingdom,United Kingdom,English,No,Full-Time
686b79cecddb101a06ae301b,66f90617499542a3ce331fa3,APPROVED,Not Applicable,2025-07-07T07:40:13.577000Z,2025-07-07T07:44:39.482000Z,2025-07-07T07:44:55.098000Z,2025-07-07T07:44:39.873327Z,266.0,CP2ZDXDH,976,64,Male,White,United Kingdom,United Kingdom,United Kingdom,English,No,"Not in paid work (e.g. homemaker', 'retired or disabled)"
686b79cee8fb09c9c39a0f9d,5d544ce3be713b0001841f1e,APPROVED,Not Applicable,2025-07-07T07:40:07.405000Z,2025-07-07T07:44:03.777000Z,2025-07-07T07:44:09.362000Z,2025-07-07T07:44:04.225538Z,237.0,CP2ZDXDH,2597,36,Female,White,Ireland,United Kingdom,Ireland,English,Yes,Full-Time
686b79cf08100e9141d3595d,67235c2ad270e37cfeeedc9a,APPROVED,Not Applicable,2025-07-07T07:40:06.445000Z,2025-07-07T07:43:50.555000Z,2025-07-07T07:44:06.242000Z,2025-07-07T07:43:51.043202Z,225.0,CP2ZDXDH,925,33,Male,White,United Kingdom,United Kingdom,United Kingdom,English,No,Full-Time
686b79cf5b81703682c6dc5f,5f4687b39c560f000b424975,APPROVED,Not Applicable,2025-07-07T07:40:01.543000Z,2025-07-07T07:42:33.249000Z,2025-07-21T15:20:35.951000Z,2025-07-07T07:42:33.667199Z,152.0,CP2ZDXDH,372,22,Female,Mixed,United Kingdom,United Kingdom,United Kingdom,English,Yes,Unemployed (and job seeking)
686b79d06e1cbaf969e2a03a,56abcb46f209e0000adab961,APPROVED,Not Applicable,2025-07-07T07:40:03.820000Z,2025-07-07T07:43:55.212000Z,2025-07-07T07:44:05.843000Z,2025-07-07T07:43:55.685254Z,232.0,CP2ZDXDH,4194,64,Female,White,United Kingdom,United Kingdom,United Kingdom,English,No,DATA_EXPIRED
686b79d0fc36336beac9378c,60f68b570ae2316894fb0a51,APPROVED,Not Applicable,2025-07-07T07:40:02.794000Z,2025-07-07T07:43:35.451000Z,2025-07-07T07:43:38.288000Z,2025-07-07T07:43:35.897075Z,213.0,CP2ZDXDH,1575,65,Female,White,United Kingdom,United Kingdom,United Kingdom,English,DATA_EXPIRED,DATA_EXPIRED
686b79d1396c504b42973885,5d920df12b679a00182bbc73,APPROVED,Not Applicable,2025-07-07T07:40:06.276000Z,2025-07-07T07:42:50.792000Z,2025-07-21T15:20:36.196000Z,2025-07-07T07:42:51.231872Z,165.0,CP2ZDXDH,3756,39,Female,White,United Kingdom,United Kingdom,United Kingdom,English,No,Full-Time
686b79d216e339e0bd769e69,5ebb26c872b18c0f47c14bb4,APPROVED,Not Applicable,2025-07-07T07:40:06.251000Z,2025-07-07T07:43:55.206000Z,2025-07-07T07:44:51.020000Z,2025-07-07T07:43:55.627040Z,229.0,CP2ZDXDH,2632,48,Male,White,United Kingdom,United Kingdom,United Kingdom,English,No,Full-Time
686b79d2c6d22e6ca4e077f8,61435c6aefcedb7c973f886c,APPROVED,Not Applicable,2025-07-07T07:40:47.030000Z,2025-07-07T07:47:02.674000Z,2025-07-07T07:47:03.230000Z,2025-07-07T07:47:03.125680Z,376.0,CP2ZDXDH,993,43,Female,White,United Kingdom,United Kingdom,United Kingdom,English,No,Part-Time
686b79d417a67dfe609ccff7,677d0564afa6b2deb76c51b1,APPROVED,Not Applicable,2025-07-07T07:40:08.826000Z,2025-07-07T07:44:16.582000Z,2025-07-07T07:44:22.408000Z,2025-07-07T07:44:17.028510Z,248.0,CP2ZDXDH,46,55,Female,White,United Kingdom,United Kingdom,United Kingdom,English,No,Part-Time
686b79d479c85f6c61cc5dff,67e986689e08191058043a95,APPROVED,Not Applicable,2025-07-07T07:40:09.033000Z,2025-07-07T07:46:42.877000Z,2025-07-07T07:46:43.431000Z,2025-07-07T07:46:43.329336Z,394.0,CP2ZDXDH,186,80,Female,White,United Kingdom,United Kingdom,United Kingdom,English,No,Other
686b79d53013fc4c8120dcc2,5dc8392d5cb36e5badce89f8,APPROVED,Not Applicable,2025-07-07T07:40:27.642000Z,2025-07-07T07:44:35.669000Z,2025-07-07T07:44:46.256000Z,2025-07-07T07:44:36.116947Z,249.0,CP2ZDXDH,730,37,Female,White,United Kingdom,United Kingdom,United Kingdom,English,No,Part-Time
686b79d999fc33014a3895ab,67139698ab79b82f8afd1e93,APPROVED,Not Applicable,2025-07-07T07:40:26.695000Z,2025-07-07T07:49:24.972000Z,2025-07-07T07:49:26.013000Z,2025-07-07T07:49:25.383552Z,539.0,CP2ZDXDH,669,30,Male,Black,United Kingdom,United Kingdom,DATA_EXPIRED,English,No,DATA_EXPIRED
686b79d99df90a70d9d300c1,5ea07f2c55a2bd050fd8f70b,APPROVED,Not Applicable,2025-07-07T07:40:13.787000Z,2025-07-07T07:46:19.675000Z,2025-07-07T07:46:36.404000Z,2025-07-07T07:46:20.107955Z,366.0,CP2ZDXDH,2017,66,Male,White,United Kingdom,United Kingdom,United Kingdom,English,DATA_EXPIRED,"Not in paid work (e.g. homemaker', 'retired or disabled)"
686b79e1e964974bab179668,67cedbbf4645675edee20cff,APPROVED,Not Applicable,2025-07-07T07:40:25.026000Z,2025-07-07T07:49:37.027000Z,2025-07-07T07:49:37.644000Z,2025-07-07T07:49:37.454820Z,553.0,CP2ZDXDH,401,53,Male,White,United Kingdom,United Kingdom,United Kingdom,English,No,"Not in paid work (e.g. homemaker', 'retired or disabled)"
686b79e1fc33b7afa867a321,58f4a7947b2e410001c2edde,APPROVED,Not Applicable,2025-07-07T07:41:24.291000Z,2025-07-07T07:51:10.636000Z,2025-07-07T07:51:13.960000Z,2025-07-07T07:51:11.034592Z,587.0,CP2ZDXDH,4645,66,Male,White,United Kingdom,United Kingdom,United Kingdom,English,No,Full-Time
686b79e93b9ec7ffa9d78993,5b1d867ac9d3cb000110529a,APPROVED,Not Applicable,2025-07-07T07:40:39.912000Z,2025-07-07T07:53:24.587000Z,2025-07-07T07:53:27.775000Z,2025-07-07T07:53:25.059930Z,765.0,CP2ZDXDH,2580,58,Female,White,United Kingdom,United Kingdom,United Kingdom,English,No,"Not in paid work (e.g. homemaker', 'retired or disabled)"
686b79ea91034fe48052bbbb,67238b38bf08c37994b9f688,APPROVED,Not Applicable,2025-07-07T07:40:41.490000Z,2025-07-07T07:48:53.867000Z,2025-07-07T07:48:55.061000Z,2025-07-07T07:48:54.297199Z,493.0,CP2ZDXDH,718,54,Female,Asian,United Kingdom,United Kingdom,United Kingdom,English,DATA_EXPIRED,DATA_EXPIRED
686b79ec440d2659732b6e1b,66635c83f5efa5f9a9ea12eb,APPROVED,Not Applicable,2025-07-07T07:43:54.177000Z,2025-07-07T07:52:29.751000Z,2025-07-07T07:52:33.165000Z,2025-07-07T07:52:30.185761Z,516.0,CP2ZDXDH,815,31,Male,White,United Kingdom,United Kingdom,United Kingdom,English,No,Full-Time
686b79ed52451f4451b39c7a,665c471006663c8ee2cd13a6,APPROVED,Not Applicable,2025-07-07T07:40:34.016000Z,2025-07-07T07:43:07.447000Z,2025-07-21T15:20:36.440000Z,2025-07-07T07:43:07.880795Z,154.0,CP2ZDXDH,942,37,Male,White,United Kingdom,United Kingdom,United Kingdom,English,No,DATA_EXPIRED
686b79f018a99a00ab125e22,5ef1e33a86d17508df13c097,APPROVED,Not Applicable,2025-07-07T07:40:38.226000Z,2025-07-07T07:44:47.152000Z,2025-07-07T07:44:48.593000Z,2025-07-07T07:44:47.565036Z,249.0,CP2ZDXDH,2366,70,Female,White,United Kingdom,United Kingdom,United Kingdom,English,DATA_EXPIRED,"Not in paid work (e.g. homemaker', 'retired or disabled)"
686b79f4857734058a38a218,59e71b497f3d71000171ddb8,APPROVED,Not Applicable,2025-07-07T07:40:47.332000Z,2025-07-07T07:45:38.791000Z,2025-07-07T07:45:44.919000Z,2025-07-07T07:45:39.235017Z,292.0,CP2ZDXDH,2467,58,Female,White,United Kingdom,United Kingdom,United Kingdom,English,DATA_EXPIRED,DATA_EXPIRED
686b79f71e9be604e37a24c8,6268f4810cd59e084565cfef,APPROVED,Not Applicable,2025-07-07T07:43:46.949000Z,2025-07-07T07:48:12.985000Z,2025-07-07T07:48:15.259000Z,2025-07-07T07:48:13.423665Z,267.0,CP2ZDXDH,1941,57,Male,White,United Kingdom,United Kingdom,United Kingdom,English,No,Part-Time
686b79f724c58402641aa89b,67ebd1d4bb59134cd76d76dd,APPROVED,Not Applicable,2025-07-07T07:40:44.627000Z,2025-07-07T07:44:59.902000Z,2025-07-07T07:45:45.673000Z,2025-07-07T07:45:00.307190Z,256.0,CP2ZDXDH,138,58,Female,White,United Kingdom,United Kingdom,United Kingdom,English,No,Full-Time
686b7a03ed1c0692b8a4f5d8,665d5a08c8e61c18498d08c9,APPROVED,Not Applicable,2025-07-07T07:40:53.581000Z,2025-07-07T07:47:06.289000Z,2025-07-07T07:47:07.287000Z,2025-07-07T07:47:06.676284Z,373.0,CP2ZDXDH,1238,30,Female,White,United Kingdom,United Kingdom,United Kingdom,English,No,Full-Time
686b7a052b0615a63e2bfd26,605e9cc770aa6d1947d02bfa,APPROVED,Not Applicable,2025-07-07T07:41:10.512000Z,2025-07-07T07:51:19.876000Z,2025-07-07T07:51:35.728000Z,2025-07-07T07:51:20.532105Z,610.0,CP2ZDXDH,2488,33,Male,White,United Kingdom,United Kingdom,United Kingdom,English,No,Full-Time
686b7a07165d9535cd665c07,5def4e6e09c1075da1ee992b,APPROVED,Not Applicable,2025-07-07T07:41:01.858000Z,2025-07-07T07:44:31.028000Z,2025-07-07T07:44:31.540000Z,2025-07-07T07:44:31.443944Z,210.0,CP2ZDXDH,4048,63,Female,White,United Kingdom,United Kingdom,United Kingdom,English,No,Full-Time
686b7a076dbb1088c62a65cb,67c37cf6668cd51cdb902376,APPROVED,Not Applicable,2025-07-07T07:41:01.872000Z,2025-07-07T07:49:40.068000Z,2025-07-07T07:49:42.845000Z,2025-07-07T07:49:40.486270Z,519.0,CP2ZDXDH,501,25,Male,Black,United Kingdom,United Kingdom,United Kingdom,English,No,Part-Time
686b7a0a40ea62380cc088ad,57dc590ddcda780001a0e157,APPROVED,Not Applicable,2025-07-07T07:41:04.526000Z,2025-07-07T07:45:34.301000Z,2025-07-07T07:45:55.001000Z,2025-07-07T07:45:34.714009Z,270.0,CP2ZDXDH,3372,68,Female,White,United Kingdom,United Kingdom,United Kingdom,English,DATA_EXPIRED,DATA_EXPIRED
686b7a0e5e8a2b9ed6c40f61,5a706cc5efd3a7000120ff3e,APPROVED,Not Applicable,2025-07-07T07:41:07.743000Z,2025-07-07T07:44:24.117000Z,2025-07-07T07:44:44.769000Z,2025-07-07T07:44:24.535143Z,197.0,CP2ZDXDH,3327,39,Female,White,United Kingdom,United Kingdom,United Kingdom,English,No,Other
686b7a13c8970e939957ecfb,66c4a32221f616ebf48ab21d,APPROVED,Not Applicable,2025-07-07T07:41:11.085000Z,2025-07-07T07:45:45.894000Z,2025-07-07T07:45:46.425000Z,2025-07-07T07:45:46.324586Z,275.0,CP2ZDXDH,1341,52,Male,White,United Kingdom,United Kingdom,United Kingdom,English,No,"Not in paid work (e.g. homemaker', 'retired or disabled)"
686b7a1618c9ec328827fe2f,681a69a8ccda68380e552fb7,APPROVED,Not Applicable,2025-07-07T07:49:31.384000Z,2025-07-07T07:54:57.049000Z,2025-07-07T07:55:07.727000Z,2025-07-07T07:54:57.556458Z,326.0,CP2ZDXDH,44,53,Female,White,United Kingdom,United Kingdom,United Kingdom,English,No,Other
686b7a163906e78de0c213b5,667f3d1669c7dda35b75b7ab,APPROVED,Not Applicable,2025-07-07T07:41:20.922000Z,2025-07-07T07:47:22.537000Z,2025-07-07T07:47:23.321000Z,2025-07-07T07:47:23.042948Z,362.0,CP2ZDXDH,719,52,Female,White,United Kingdom,United Kingdom,United Kingdom,English,No,Full-Time
686b7a1bd941a26ac89c2be2,67323a74da6bebd682404f74,APPROVED,Not Applicable,2025-07-07T07:41:21.448000Z,2025-07-07T07:46:21.836000Z,2025-07-07T07:46:27.376000Z,2025-07-07T07:46:22.240375Z,301.0,CP2ZDXDH,833,54,Male,Black,Spain,United Kingdom,Spain,English,DATA_EXPIRED,DATA_EXPIRED
686b7a1f56b702f540d271f3,6788319fd22b8480d7fd03da,APPROVED,Not Applicable,2025-07-07T07:41:25.122000Z,2025-07-07T07:45:43.057000Z,2025-07-07T07:45:48.640000Z,2025-07-07T07:45:43.512308Z,258.0,CP2ZDXDH,588,58,Male,White,United Kingdom,United Kingdom,United Kingdom,English,No,Full-Time
686b7a212bf312144882f6bc,5f203f0bd2fcf70a9fea25c7,APPROVED,Not Applicable,2025-07-07T07:41:26.179000Z,2025-07-07T07:47:11.614000Z,2025-07-07T07:47:14.344000Z,2025-07-07T07:47:12.060859Z,346.0,CP2ZDXDH,755,33,Male,White,United Kingdom,United Kingdom,United Kingdom,English,No,Full-Time
686b7a267d2f386d8e5e91c4,5eceb8411480c30fb89c7c54,APPROVED,Not Applicable,2025-07-07T07:42:35.405000Z,2025-07-07T07:50:07.921000Z,2025-07-07T07:50:09.454000Z,2025-07-07T07:50:08.380604Z,453.0,CP2ZDXDH,2658,29,Female,White,United Kingdom,United Kingdom,United Kingdom,English,No,"Not in paid work (e.g. homemaker', 'retired or disabled)"
686b7a282d944488844eec39,668920e1dd2605a617d7ad33,APPROVED,Not Applicable,2025-07-07T07:41:35.212000Z,2025-07-07T07:44:19.101000Z,2025-07-21T15:20:36.701000Z,2025-07-07T07:44:19.516442Z,164.0,CP2ZDXDH,189,31,Male,White,New Zealand,United Kingdom,France,English,No,DATA_EXPIRED
686b7a2debcce364b9ea6268,653ab786a5162b73aac38bc9,APPROVED,Not Applicable,2025-07-07T07:41:42.504000Z,2025-07-07T07:46:49.453000Z,2025-07-07T07:46:51.453000Z,2025-07-07T07:46:49.910353Z,307.0,CP2ZDXDH,1121,53,Male,White,United Kingdom,United Kingdom,United Kingdom,English,DATA_EXPIRED,DATA_EXPIRED
686b7a2ea6800ab71311de0a,665b2628d8d3fc786ccddb03,APPROVED,Not Applicable,2025-07-07T07:46:22.832000Z,2025-07-07T07:51:36.460000Z,2025-07-07T07:51:38.382000Z,2025-07-07T07:51:36.879818Z,314.0,CP2ZDXDH,842,30,Female,White,United Kingdom,United Kingdom,United Kingdom,English,DATA_EXPIRED,DATA_EXPIRED
686b7a2ee819430d8d9ff282,67ed8470c3602df172cbe1b3,APPROVED,Not Applicable,2025-07-07T07:41:39.660000Z,2025-07-07T07:44:19.798000Z,2025-07-21T15:20:36.991000Z,2025-07-07T07:44:20.216927Z,161.0,CP2ZDXDH,322,53,Male,White,United Kingdom,United Kingdom,United Kingdom,English,No,Full-Time
686b7a3061832ee31909fe73,5f25419d6c25411a2b68ddd8,APPROVED,Not Applicable,2025-07-07T07:41:41.141000Z,2025-07-07T07:50:15.603000Z,2025-07-07T07:50:18.952000Z,2025-07-07T07:50:16.019784Z,515.0,CP2ZDXDH,2920,39,Male,White,United Kingdom,United Kingdom,United Kingdom,English,DATA_EXPIRED,DATA_EXPIRED
686b7a317e03ce862acadeb5,648978eef0a4e73b67c9c153,APPROVED,Not Applicable,2025-07-07T07:41:41.513000Z,2025-07-07T07:49:39.527000Z,2025-07-07T07:49:42.373000Z,2025-07-07T07:49:39.927619Z,479.0,CP2ZDXDH,1759,67,Female,White,United Kingdom,United Kingdom,United Kingdom,English,No,"Not in paid work (e.g. homemaker', 'retired or disabled)"
686b7a31ac324d6f71d92b99,5c4b987538878c0001c7883b,APPROVED,Not Applicable,2025-07-07T07:41:42.295000Z,2025-07-07T07:47:31.099000Z,2025-07-07T07:47:31.786000Z,2025-07-07T07:47:31.539391Z,349.0,CP2ZDXDH,3043,30,Female,White,United Kingdom,United Kingdom,United Kingdom,English,No,Full-Time
686b7a33d7c85baa24eeca5e,6086a11397234e7f83e4e793,APPROVED,Not Applicable,2025-07-07T07:41:42.661000Z,2025-07-07T07:43:58.265000Z,2025-07-21T15:20:37.283000Z,2025-07-07T07:43:58.679734Z,136.0,CP2ZDXDH,1274,36,Male,White,United Kingdom,United Kingdom,United Kingdom,English,Yes,Full-Time
686b7a3540ea62380cc088b6,601d10cca1fb4b04cde830ea,APPROVED,Not Applicable,2025-07-07T07:41:45.262000Z,2025-07-07T07:43:35.465000Z,2025-07-21T15:20:37.527000Z,2025-07-07T07:43:35.898775Z,111.0,CP2ZDXDH,3064,38,Male,White,United Kingdom,United Kingdom,United Kingdom,English,No,Full-Time
686b7a3789b1034b60cf5742,66791803d705a68960cb4976,APPROVED,Not Applicable,2025-07-07T07:41:46.388000Z,2025-07-07T07:44:22.335000Z,2025-07-21T15:20:37.773000Z,2025-07-07T07:44:22.766767Z,156.0,CP2ZDXDH,1117,39,Male,White,United Kingdom,United Kingdom,United Kingdom,English,No,Full-Time
686b7a3849c37c112e8cac8f,5fc59271971cc91189a1bdf0,APPROVED,Not Applicable,2025-07-07T07:41:47.338000Z,2025-07-07T07:47:42.450000Z,2025-07-07T07:47:48.022000Z,2025-07-07T07:47:42.899438Z,356.0,CP2ZDXDH,2073,42,Male,White,United Kingdom,United Kingdom,United Kingdom,English,No,Unemployed (and job seeking)
686b7a39ecbcb876bc0d8831,6637ab2fc7718b737f6c33c0,APPROVED,Not Applicable,2025-07-07T07:44:12.770000Z,2025-07-07T07:51:27.957000Z,2025-07-07T07:51:31.085000Z,2025-07-07T07:51:28.361554Z,436.0,CP2ZDXDH,835,36,Male,Black,United Kingdom,United Kingdom,Nigeria,English,DATA_EXPIRED,DATA_EXPIRED
686b7a3e82cc03421255ceef,664cdddf498efcba503a89ef,APPROVED,Not Applicable,2025-07-07T07:41:57.301000Z,2025-07-07T07:45:14.891000Z,2025-07-07T07:45:50.797000Z,2025-07-07T07:45:15.515136Z,198.0,CP2ZDXDH,1481,27,Male,White,United Kingdom,United Kingdom,United Kingdom,English,No,Full-Time
686b7a3f5461570d829c1c8e,6765e63b9cbc0ec185d7e8fa,APPROVED,Not Applicable,2025-07-07T07:42:06.445000Z,2025-07-07T08:06:21.801000Z,2025-07-07T08:06:24.662000Z,2025-07-07T08:06:22.221188Z,1456.0,CP2ZDXDH,381,45,Male,Black,United Kingdom,United Kingdom,United Kingdom,English,No,Unemployed (and job seeking)
686b7a3ffc55f22646157622,666d914c8a386185e18db071,APPROVED,Not Applicable,2025-07-07T07:45:38.477000Z,2025-07-07T07:54:09.927000Z,2025-07-07T07:54:13.118000Z,2025-07-07T07:54:10.358585Z,512.0,CP2ZDXDH,920,48,Female,Asian,United Kingdom,United Kingdom,United Kingdom,English,No,Part-Time
686b7a43d47b2dbdcf981e6f,5c1575e62a407b0001ff2a4c,APPROVED,Not Applicable,2025-07-07T07:42:07.859000Z,2025-07-07T07:46:31.222000Z,2025-07-07T07:46:32.420000Z,2025-07-07T07:46:31.632758Z,264.0,CP2ZDXDH,4091,37,Male,White,United Kingdom,United Kingdom,United Kingdom,English,No,Full-Time
686b7a44083469a2fce9ea2a,54ab0771fdf99b55c3f55227,APPROVED,Not Applicable,2025-07-07T07:42:07.585000Z,2025-07-07T07:47:03.889000Z,2025-07-07T07:47:09.574000Z,2025-07-07T07:47:04.412429Z,297.0,CP2ZDXDH,1567,42,Female,White,United Kingdom,United Kingdom,United Kingdom,English,DATA_EXPIRED,DATA_EXPIRED
686b7a45dd196ad257eb2eaa,6769cb4f6aa7227a05a25d3f,APPROVED,Not Applicable,2025-07-07T07:42:06.654000Z,2025-07-07T07:46:06.240000Z,2025-07-07T07:46:07.555000Z,2025-07-07T07:46:06.637229Z,240.0,CP2ZDXDH,474,33,Male,Black,United Kingdom,United Kingdom,United Kingdom,English,DATA_EXPIRED,Full-Time
686b7a4618a99a00ab125e43,63db79878f04250ca75fbcbb,APPROVED,Not Applicable,2025-07-07T07:42:01.385000Z,2025-07-07T07:45:08.687000Z,2025-07-07T07:45:10.887000Z,2025-07-07T07:45:09.124409Z,188.0,CP2ZDXDH,1249,31,Male,White,United Kingdom,United Kingdom,United Kingdom,English,DATA_EXPIRED,DATA_EXPIRED
686b7a4a18fe12240f8cb6bd,572bac993437df0008444fba,APPROVED,Not Applicable,2025-07-07T07:42:05.478000Z,2025-07-07T07:46:58.686000Z,2025-07-07T07:47:00.570000Z,2025-07-07T07:46:59.108814Z,294.0,CP2ZDXDH,2309,45,Female,White,United Kingdom,United Kingdom,United Kingdom,English,DATA_EXPIRED,Part-Time
686b7a4b6139528f4ddc5ec9,654ce63caef8570597d450ff,APPROVED,Not Applicable,2025-07-07T07:42:06.754000Z,2025-07-07T07:44:34.389000Z,2025-07-21T15:20:38.028000Z,2025-07-07T07:44:34.862928Z,148.0,CP2ZDXDH,1439,23,Male,White,United Kingdom,United Kingdom,United Kingdom,English,No,Full-Time
686b7a4bfd60ac408c9a7147,5f035c7ce9d86254e87992e4,APPROVED,Not Applicable,2025-07-07T07:42:07.949000Z,2025-07-07T07:45:22.405000Z,2025-07-07T07:45:24.029000Z,2025-07-07T07:45:22.821305Z,195.0,CP2ZDXDH,1723,62,Female,White,United Kingdom,United Kingdom,United Kingdom,English,DATA_EXPIRED,DATA_EXPIRED
686b7a4d62dfbe6e671572bb,577bfad9d8e8880001b31280,APPROVED,Not Applicable,2025-07-07T07:42:11.316000Z,2025-07-07T07:46:30.839000Z,2025-07-07T07:46:31.361000Z,2025-07-07T07:46:31.261507Z,260.0,CP2ZDXDH,1740,70,Male,White,United Kingdom,United Kingdom,United Kingdom,English,No,"Not in paid work (e.g. homemaker', 'retired or disabled)"
686b7a4ed636047abb9156b0,5c73d2817ed3a70001fc2929,APPROVED,Not Applicable,2025-07-07T07:42:12.526000Z,2025-07-07T07:46:11.558000Z,2025-07-07T07:46:22.164000Z,2025-07-07T07:46:12.016669Z,240.0,CP2ZDXDH,654,58,Female,White,United Kingdom,United Kingdom,United Kingdom,English,DATA_EXPIRED,DATA_EXPIRED
686b7a4f0bdabe41590ce8f1,67efcad870129b5d1f122c8d,APPROVED,Not Applicable,2025-07-07T07:42:11.575000Z,2025-07-07T07:44:49.142000Z,2025-07-21T15:20:38.266000Z,2025-07-07T07:44:49.618454Z,158.0,CP2ZDXDH,119,55,Male,White,United Kingdom,United Kingdom,United Kingdom,English,No,Full-Time
686b7a507c1716853d498fc4,665888fe1e234caf7e521af5,APPROVED,Not Applicable,2025-07-07T07:42:11.746000Z,2025-07-07T07:46:30.436000Z,2025-07-07T07:46:36.033000Z,2025-07-07T07:46:30.899611Z,259.0,CP2ZDXDH,413,37,Male,White,United Kingdom,United Kingdom,United Kingdom,English,No,Full-Time
686b7a5388ec542e537a290b,5bd075779afb5b00015b6791,APPROVED,Not Applicable,2025-07-07T07:42:11.680000Z,2025-07-07T07:48:32.464000Z,2025-07-07T07:48:33.579000Z,2025-07-07T07:48:32.887370Z,381.0,CP2ZDXDH,3546,49,Male,White,United Kingdom,United Kingdom,United Kingdom,English,DATA_EXPIRED,Full-Time
686b7a56304e74ff56ad8aa7,5863ab01ac950900013dd9dd,APPROVED,Not Applicable,2025-07-07T07:42:14.014000Z,2025-07-07T07:45:30.024000Z,2025-07-07T07:45:32.379000Z,2025-07-07T07:45:30.403843Z,197.0,CP2ZDXDH,3413,61,Male,White,United Kingdom,United Kingdom,United Kingdom,English,DATA_EXPIRED,DATA_EXPIRED
686b7a5a012a194c5f66fd4d,6658b3b6347b527af5f3bad3,APPROVED,Not Applicable,2025-07-07T07:43:26.815000Z,2025-07-07T07:48:02.205000Z,2025-07-07T07:48:07.770000Z,2025-07-07T07:48:02.635448Z,276.0,CP2ZDXDH,610,26,Male,Black,United Kingdom,United Kingdom,United Kingdom,English,No,Full-Time
686b7a5ba21fe978e3c088b3,607826462aaaafd8801142ba,APPROVED,Not Applicable,2025-07-07T07:42:29.671000Z,2025-07-07T07:46:39.907000Z,2025-07-07T07:46:45.468000Z,2025-07-07T07:46:40.340495Z,251.0,CP2ZDXDH,856,44,Male,White,United Kingdom,United Kingdom,United Kingdom,English,No,Full-Time
686b7a64b7d3b9a2a0ff6011,60eb7a4e37a7b08a26f2e8ef,APPROVED,Not Applicable,2025-07-07T07:42:35.712000Z,2025-07-07T07:46:00.215000Z,2025-07-07T07:46:05.756000Z,2025-07-07T07:46:00.631924Z,205.0,CP2ZDXDH,1556,46,Female,White,United Kingdom,United Kingdom,United Kingdom,English,DATA_EXPIRED,DATA_EXPIRED
686b7a6b8437f4c2c48f2b74,60e1942363f59342f26be4ca,APPROVED,Not Applicable,2025-07-07T07:43:47.833000Z,2025-07-07T07:48:40.984000Z,2025-07-07T07:48:41.572000Z,2025-07-07T07:48:41.397183Z,294.0,CP2ZDXDH,492,51,Female,White,United Kingdom,United Kingdom,United Kingdom,English,No,Full-Time
686b7a78030ce49d2712e41a,622b3b137403ced9a93cf136,APPROVED,Not Applicable,2025-07-07T07:42:54.003000Z,2025-07-07T07:46:18.819000Z,2025-07-07T07:46:21.373000Z,2025-07-07T07:46:19.267901Z,205.0,CP2ZDXDH,1457,65,Female,White,United Kingdom,United Kingdom,United Kingdom,English,No,DATA_EXPIRED
686b7a7aff791fc55174f170,63e55111b99779f818559ad8,APPROVED,Not Applicable,2025-07-07T07:42:56.769000Z,2025-07-07T07:45:51.588000Z,2025-07-21T15:20:38.571000Z,2025-07-07T07:45:51.997162Z,175.0,CP2ZDXDH,1387,47,Male,White,United Kingdom,United Kingdom,United Kingdom,English,Yes,Full-Time
686b7a811f0512ee637ead9d,611119b66c980fffcfea9e71,APPROVED,Not Applicable,2025-07-07T07:43:02.442000Z,2025-07-07T07:47:32.094000Z,2025-07-07T07:47:33.174000Z,2025-07-07T07:47:32.526172Z,270.0,CP2ZDXDH,1417,29,Female,White,United Kingdom,United Kingdom,United Kingdom,English,DATA_EXPIRED,DATA_EXPIRED
686b7aaa75cd023865de5713,60e57112c8726a1f5cf5c63a,APPROVED,Not Applicable,2025-07-07T07:43:41.479000Z,2025-07-07T07:49:47.739000Z,2025-07-07T07:49:48.294000Z,2025-07-07T07:49:48.193615Z,367.0,CP2ZDXDH,1282,24,Female,White,United Kingdom,United Kingdom,United Kingdom,English,No,Full-Time
686b7ab2ad317638fb7b46e6,63d3fb4fd3c313dca0920312,APPROVED,Not Applicable,2025-07-07T07:43:50.995000Z,2025-07-07T07:51:18.476000Z,2025-07-07T07:51:21.564000Z,2025-07-07T07:51:18.875311Z,448.0,CP2ZDXDH,728,36,Male,White,United Kingdom,United Kingdom,United Kingdom,English,DATA_EXPIRED,DATA_EXPIRED
686b7abbc7fd26431e8115fd,5718a9c4dd9ef10013df01f0,APPROVED,Not Applicable,2025-07-07T07:43:59.880000Z,2025-07-07T07:47:43.847000Z,2025-07-07T07:47:49.400000Z,2025-07-07T07:47:44.275127Z,224.0,CP2ZDXDH,5017,40,Female,White,United Kingdom,United Kingdom,United Kingdom,English,No,Full-Time
686b7abdeff04a4533974655,6777f3e9760d3844217b5ea8,APPROVED,Not Applicable,2025-07-07T07:44:07.878000Z,2025-07-07T07:48:02.923000Z,2025-07-07T07:48:08.499000Z,2025-07-07T07:48:03.349686Z,236.0,CP2ZDXDH,498,18,Female,White,Latvia,United Kingdom,Latvia,English,Yes,Part-Time
686b7abfb604106be50f3c4b,5da09f733c3367001a72dec6,APPROVED,Not Applicable,2025-07-07T07:44:05.554000Z,2025-07-07T08:09:47.002000Z,2025-07-07T08:09:50.397000Z,2025-07-07T08:09:47.414242Z,1542.0,CP2ZDXDH,1914,24,Female,White,United Kingdom,United Kingdom,United Kingdom,English,DATA_EXPIRED,DATA_EXPIRED
686b7ac15e73e9b2b8762fd4,5ee1216a2a8a214e2ac6fb8b,APPROVED,Not Applicable,2025-07-07T07:44:09.495000Z,2025-07-07T07:49:39.559000Z,2025-07-07T07:49:45.123000Z,2025-07-07T07:49:39.993144Z,331.0,CP2ZDXDH,2598,65,Female,White,United Kingdom,United Kingdom,United Kingdom,English,No,Part-Time
686b7ac18dbe1c9b0f571143,5e5f8c16394d082c15a4e93a,APPROVED,Not Applicable,2025-07-07T07:45:43.114000Z,2025-07-07T07:52:31.934000Z,2025-07-07T07:52:37.504000Z,2025-07-07T07:52:32.358410Z,409.0,CP2ZDXDH,2770,65,Male,White,United Kingdom,United Kingdom,United Kingdom,English,No,Full-Time
686b7ac585801cb3e6d60f25,66d45f42363a8f00a02d8581,APPROVED,Not Applicable,2025-07-07T07:47:35.554000Z,2025-07-07T07:51:58.028000Z,2025-07-07T07:51:59.448000Z,2025-07-07T07:51:58.456648Z,263.0,CP2ZDXDH,624,65,Male,White,United Kingdom,United Kingdom,United Kingdom,English,No,"Not in paid work (e.g. homemaker', 'retired or disabled)"
686b7acc34a016e4fd16b10d,56d56e550b5634000bdc5703,APPROVED,Not Applicable,2025-07-07T07:44:17.108000Z,2025-07-07T07:54:43.574000Z,2025-07-07T07:54:46.100000Z,2025-07-07T07:54:44.070101Z,627.0,CP2ZDXDH,4137,45,Male,White,United Kingdom,United Kingdom,United Kingdom,English,No,Full-Time
686b7acccac4881a317d4163,660a6b953836d16312814993,APPROVED,Not Applicable,2025-07-07T07:44:19.489000Z,2025-07-07T07:47:19.417000Z,2025-07-21T15:20:38.958000Z,2025-07-07T07:47:19.850341Z,180.0,CP2ZDXDH,1348,32,Male,White,United Kingdom,United Kingdom,United Kingdom,English,No,Full-Time
686b7adde0c03d13c5eefc2b,5c74f546df19050016a5fdb7,APPROVED,Not Applicable,2025-07-07T07:44:33.691000Z,2025-07-07T07:46:46.703000Z,2025-07-21T15:20:39.327000Z,2025-07-07T07:46:47.478776Z,134.0,CP2ZDXDH,739,40,Female,White,United Kingdom,United Kingdom,United Kingdom,English,DATA_EXPIRED,DATA_EXPIRED
686b7b24161ffbe0e4765cdc,602f91e05f75b8c61613d179,APPROVED,Not Applicable,2025-07-07T07:45:44.898000Z,2025-07-07T07:50:14.037000Z,2025-07-07T07:50:19.656000Z,2025-07-07T07:50:14.488061Z,270.0,CP2ZDXDH,309,26,Male,Black,Nigeria,United Kingdom,Nigeria,English,DATA_EXPIRED,DATA_EXPIRED
686b7b28ad7d9b782e51fb18,668e84ffed2d546ea852e050,APPROVED,Not Applicable,2025-07-07T07:45:50.055000Z,2025-07-07T07:58:53.009000Z,2025-07-07T07:58:56.197000Z,2025-07-07T07:58:53.472860Z,783.0,CP2ZDXDH,354,35,Female,Black,United Kingdom,United Kingdom,United Kingdom,English,No,Full-Time
686b7b3eb982e5f840cadf0b,5da760eae8174b001640d369,APPROVED,Not Applicable,2025-07-07T07:46:09.673000Z,2025-07-07T07:50:25.765000Z,2025-07-07T07:50:27.760000Z,2025-07-07T07:50:26.168019Z,257.0,CP2ZDXDH,2328,48,Male,Mixed,United Kingdom,United Kingdom,United Kingdom,English,DATA_EXPIRED,DATA_EXPIRED
686b7b4600b0eebe9d93119d,609d1ddf6aa3ba55f1bf4267,APPROVED,Not Applicable,2025-07-07T07:46:25.240000Z,2025-07-07T08:10:59.003000Z,2025-07-07T08:10:59.784000Z,2025-07-07T08:10:59.639215Z,1474.0,CP2ZDXDH,3872,48,Male,White,United Kingdom,United Kingdom,United Kingdom,English,No,Full-Time
686b7b62f01630a0c853099d,5cb2d3be2df32800172e3736,APPROVED,Not Applicable,2025-07-07T07:46:47.103000Z,2025-07-07T07:51:32.083000Z,2025-07-07T07:51:33.186000Z,2025-07-07T07:51:32.479379Z,285.0,CP2ZDXDH,2794,43,Male,White,United Kingdom,United Kingdom,United Kingdom,English,No,Full-Time
686b7b7f821772e7fc2b768b,5eb162b0dc71ec243a783edc,APPROVED,Not Applicable,2025-07-07T07:47:16.068000Z,2025-07-07T07:51:14.270000Z,2025-07-07T07:51:16.268000Z,2025-07-07T07:51:14.699985Z,239.0,CP2ZDXDH,2452,52,Female,White,United Kingdom,United Kingdom,United Kingdom,English,No,"Not in paid work (e.g. homemaker', 'retired or disabled)"
686b7bb1440d2659732b6e81,5ec1129f45a5365297e63600,APPROVED,Not Applicable,2025-07-07T07:48:01.001000Z,2025-07-07T07:51:25.118000Z,2025-07-07T07:51:26.267000Z,2025-07-07T07:51:25.560825Z,205.0,CP2ZDXDH,1590,39,Male,White,United Kingdom,United Kingdom,United Kingdom,English,Yes,Full-Time
686b7bb70a5eecefa94c82e5,62b0702670857c45c05cdc4f,APPROVED,Not Applicable,2025-07-07T07:48:12.638000Z,2025-07-07T07:51:09.964000Z,2025-07-21T15:20:39.704000Z,2025-07-07T07:51:10.359283Z,178.0,CP2ZDXDH,1038,36,Male,White,United Kingdom,United Kingdom,United Kingdom,English,No,Full-Time
686b7bbab2d1ca8b2ca2f928,66cfab152c56aa0472529001,APPROVED,Not Applicable,2025-07-07T07:48:14.906000Z,2025-07-07T07:54:51.557000Z,2025-07-07T07:54:52.108000Z,2025-07-07T07:54:51.983851Z,397.0,CP2ZDXDH,1716,45,Male,White,United Kingdom,United Kingdom,United Kingdom,English,DATA_EXPIRED,DATA_EXPIRED
686b7bbbd94b066c837ea7d6,63af557b3d4f219c3226b7d6,APPROVED,Not Applicable,2025-07-07T07:53:25.227000Z,2025-07-07T07:58:05.184000Z,2025-07-07T07:58:07.915000Z,2025-07-07T07:58:05.633092Z,280.0,CP2ZDXDH,3860,51,Female,White,United Kingdom,United Kingdom,United Kingdom,English,No,Part-Time
686b7bc1999db021ca8d1c8e,64839b36cfc47670f29b64fd,APPROVED,Not Applicable,2025-07-07T07:48:27.160000Z,2025-07-07T07:53:02.031000Z,2025-07-07T07:53:04.462000Z,2025-07-07T07:53:02.479701Z,275.0,CP2ZDXDH,1440,56,Male,White,United Kingdom,United Kingdom,United Kingdom,English,DATA_EXPIRED,DATA_EXPIRED
686b7c205e14c0f1311abd13,67c8320847fef3b9ab9bfe4d,APPROVED,Not Applicable,2025-07-07T07:49:56.079000Z,2025-07-07T07:53:53.773000Z,2025-07-07T07:53:56.399000Z,2025-07-07T07:53:54.240211Z,238.0,CP2ZDXDH,499,47,Male,White,United Kingdom,United Kingdom,United Kingdom,English,No,Part-Time
686b7c35961b0029081134a2,5a78b50d5292b80001228479,APPROVED,Not Applicable,2025-07-07T07:50:16.710000Z,2025-07-07T07:55:40.247000Z,2025-07-07T07:55:50.842000Z,2025-07-07T07:55:40.685929Z,324.0,CP2ZDXDH,2375,33,Female,White,United Kingdom,United Kingdom,United Kingdom,English,No,DATA_EXPIRED
686b7c626a9358a29b96d228,5f6e71ea9dd5cb3b2bdb45b6,APPROVED,Not Applicable,2025-07-07T07:50:58.264000Z,2025-07-07T07:55:43.849000Z,2025-07-07T07:55:46.436000Z,2025-07-07T07:55:44.346789Z,286.0,CP2ZDXDH,3407,38,Male,White,United Kingdom,United Kingdom,United Kingdom,English,No,Full-Time
686b7c628f7cbfed9b75fd4a,5641c95d17bdbe00102a0b51,APPROVED,Not Applicable,2025-07-07T07:50:58.723000Z,2025-07-07T07:54:57.074000Z,2025-07-07T07:55:12.804000Z,2025-07-07T07:54:57.590884Z,239.0,CP2ZDXDH,2766,61,Female,White,United States,United Kingdom,United Kingdom,English,DATA_EXPIRED,DATA_EXPIRED
686b7c9f0b9f2c9a71994417,5baa21188a01680001ff1a6f,APPROVED,Not Applicable,2025-07-07T07:51:59.279000Z,2025-07-07T07:55:39.762000Z,2025-07-07T07:55:41.678000Z,2025-07-07T07:55:40.229430Z,221.0,CP2ZDXDH,2261,52,Female,White,United Kingdom,United Kingdom,United Kingdom,English,No,Part-Time
686b7ca167a9f6398de30763,5ea9e36155624e14a9a64525,APPROVED,Not Applicable,2025-07-07T07:52:07.315000Z,2025-07-07T07:56:54.052000Z,2025-07-07T07:56:54.599000Z,2025-07-07T07:56:54.496472Z,287.0,CP2ZDXDH,3510,36,Female,White,United Kingdom,United Kingdom,United Kingdom,English,No,Full-Time
686b7ca515fef8f0fd11d90a,680c9ce28ed46a864a300a0a,APPROVED,Not Applicable,2025-07-07T07:52:05.899000Z,2025-07-07T07:58:06.651000Z,2025-07-07T07:58:12.254000Z,2025-07-07T07:58:07.119522Z,361.0,CP2ZDXDH,587,29,Male,White,United Kingdom,United Kingdom,United Kingdom,English,Yes,Full-Time
686b7cc2add8f09e4a7dd250,5cf8cc7e95c070001721db8d,APPROVED,Not Applicable,2025-07-07T07:52:37.460000Z,2025-07-07T07:55:56.187000Z,2025-07-07T07:55:58.106000Z,2025-07-07T07:55:56.653055Z,199.0,CP2ZDXDH,1585,38,Male,White,United Kingdom,United Kingdom,United Kingdom,English,No,Full-Time
686b7ce289755a642bd60ff0,67df06de111af9caf43debf5,APPROVED,Not Applicable,2025-07-07T07:53:06.729000Z,2025-07-07T07:59:05.741000Z,2025-07-07T07:59:07.755000Z,2025-07-07T07:59:06.220320Z,360.0,CP2ZDXDH,830,45,Female,White,United Kingdom,United Kingdom,United Kingdom,English,Yes,Full-Time
686b7d0879a995414b6db7d3,5a9fa90f873cda00010d29d8,APPROVED,Not Applicable,2025-07-07T07:53:44.600000Z,2025-07-07T07:57:44.708000Z,2025-07-07T07:57:50.376000Z,2025-07-07T07:57:45.195166Z,241.0,CP2ZDXDH,2272,25,Male,White,United Kingdom,United Kingdom,United Kingdom,English,No,Full-Time
686b7d0de6f8a839dc71f859,6027b5f61ad4755b926babfe,APPROVED,Not Applicable,2025-07-07T07:53:55.194000Z,2025-07-07T07:58:28.625000Z,2025-07-07T07:58:31.240000Z,2025-07-07T07:58:29.120101Z,274.0,CP2ZDXDH,2450,66,Male,White,United Kingdom,United Kingdom,United Kingdom,English,DATA_EXPIRED,DATA_EXPIRED
686b7d2db77138e397f74fbe,672380a64e984ba03695602f,APPROVED,Not Applicable,2025-07-07T07:54:21.723000Z,2025-07-07T08:02:19.978000Z,2025-07-07T08:02:22.371000Z,2025-07-07T08:02:20.466651Z,479.0,CP2ZDXDH,1148,42,Female,White,United Kingdom,United Kingdom,United Kingdom,English,DATA_EXPIRED,Full-Time
686b7d45dd196ad257eb2f55,5c9e119a881e9800147050da,APPROVED,Not Applicable,2025-07-07T07:54:50.342000Z,2025-07-07T07:57:14.290000Z,2025-07-21T15:20:40.084000Z,2025-07-07T07:57:14.735587Z,144.0,CP2ZDXDH,2290,50,Male,White,United Kingdom,United Kingdom,United Kingdom,English,No,Full-Time
686b7f9044e6f34e7006dc57,6347200d8ded5172ec43e0bb,APPROVED,Not Applicable,2025-07-07T08:04:32.486000Z,2025-07-07T08:08:09.092000Z,2025-07-07T08:08:11.902000Z,2025-07-07T08:08:09.537989Z,217.0,CP2ZDXDH,2471,35,Male,White,United Kingdom,United Kingdom,United Kingdom,English,No,Full-Time
686b79700b479a81385867c6,5cba676b16ab74001672d70f,RETURNED,Not Applicable,2025-07-07T07:38:28.103000Z,,,,,,1476,CONSENT_REVOKED,CONSENT_REVOKED,CONSENT_REVOKED,CONSENT_REVOKED,CONSENT_REVOKED,CONSENT_REVOKED,CONSENT_REVOKED,CONSENT_REVOKED,CONSENT_REVOKED
686b797e4d177dd736c2df4f,5e399832a6df461b2f4db341,RETURNED,Not Applicable,2025-07-07T07:38:43.016000Z,,,,,,1289,CONSENT_REVOKED,CONSENT_REVOKED,CONSENT_REVOKED,CONSENT_REVOKED,CONSENT_REVOKED,CONSENT_REVOKED,CONSENT_REVOKED,CONSENT_REVOKED,CONSENT_REVOKED
686b7986a82c4eb0d8764aa0,5dc7f4daa6eae358b81c34d9,RETURNED,Not Applicable,2025-07-07T07:38:51.692000Z,,,,,,2479,CONSENT_REVOKED,CONSENT_REVOKED,CONSENT_REVOKED,CONSENT_REVOKED,CONSENT_REVOKED,CONSENT_REVOKED,CONSENT_REVOKED,CONSENT_REVOKED,CONSENT_REVOKED
686b798b2e6ff34119bfe068,59a5fd55145f7000017ab7e3,RETURNED,Not Applicable,2025-07-07T07:39:05.223000Z,,,,,,3475,CONSENT_REVOKED,CONSENT_REVOKED,CONSENT_REVOKED,CONSENT_REVOKED,CONSENT_REVOKED,CONSENT_REVOKED,CONSENT_REVOKED,CONSENT_REVOKED,CONSENT_REVOKED
686b798e8ed35fdb9c47aea2,65b67ca8930e8f5dbfa8d4e6,RETURNED,Not Applicable,2025-07-07T07:39:00.442000Z,,,,,,1187,CONSENT_REVOKED,CONSENT_REVOKED,CONSENT_REVOKED,CONSENT_REVOKED,CONSENT_REVOKED,CONSENT_REVOKED,CONSENT_REVOKED,CONSENT_REVOKED,CONSENT_REVOKED
686b798f202f3c6b96cd78ff,656e02962907eb6f11faa71f,REJECTED,Not Applicable,2025-07-07T07:38:59.575000Z,2025-07-07T07:43:19.893000Z,2025-07-21T15:22:12.810000Z,2025-07-07T07:43:20.348000Z,261.0,NOCODE,795,CONSENT_REVOKED,CONSENT_REVOKED,CONSENT_REVOKED,CONSENT_REVOKED,CONSENT_REVOKED,CONSENT_REVOKED,CONSENT_REVOKED,CONSENT_REVOKED,CONSENT_REVOKED
686b799aff522dd9a54bb79e,67a8c011bb54e6a206de5a6d,RETURNED,Not Applicable,2025-07-07T07:39:12.897000Z,,,,,,265,CONSENT_REVOKED,CONSENT_REVOKED,CONSENT_REVOKED,CONSENT_REVOKED,CONSENT_REVOKED,CONSENT_REVOKED,CONSENT_REVOKED,CONSENT_REVOKED,CONSENT_REVOKED
686b79c25b81703682c6dc5c,665c89bfc048d14185cac307,RETURNED,Not Applicable,2025-07-07T07:39:52.052000Z,,,,,,700,CONSENT_REVOKED,CONSENT_REVOKED,CONSENT_REVOKED,CONSENT_REVOKED,CONSENT_REVOKED,CONSENT_REVOKED,CONSENT_REVOKED,CONSENT_REVOKED,CONSENT_REVOKED
686b79c55f630b71ad6cce37,63b2d04ed0f53f75de4ba38e,RETURNED,Not Applicable,2025-07-07T07:39:53.776000Z,,,,,,2167,CONSENT_REVOKED,CONSENT_REVOKED,CONSENT_REVOKED,CONSENT_REVOKED,CONSENT_REVOKED,CONSENT_REVOKED,CONSENT_REVOKED,CONSENT_REVOKED,CONSENT_REVOKED
686b79c734f7783652e9ef4b,5fb23ca83dd5537b40fbef87,RETURNED,Not Applicable,2025-07-07T07:40:45.783000Z,,,,,,2576,CONSENT_REVOKED,CONSENT_REVOKED,CONSENT_REVOKED,CONSENT_REVOKED,CONSENT_REVOKED,CONSENT_REVOKED,CONSENT_REVOKED,CONSENT_REVOKED,CONSENT_REVOKED
686b79c8649decc5d132a18a,615eca41d537883c96fc9eec,RETURNED,Not Applicable,2025-07-07T07:40:17.800000Z,,,,,,3112,CONSENT_REVOKED,CONSENT_REVOKED,CONSENT_REVOKED,CONSENT_REVOKED,CONSENT_REVOKED,CONSENT_REVOKED,CONSENT_REVOKED,CONSENT_REVOKED,CONSENT_REVOKED
686b79dd7e7a261084c93774,55d5b77ddb6a810006fa05d5,RETURNED,Not Applicable,2025-07-07T07:40:19.145000Z,,,,,,3245,CONSENT_REVOKED,CONSENT_REVOKED,CONSENT_REVOKED,CONSENT_REVOKED,CONSENT_REVOKED,CONSENT_REVOKED,CONSENT_REVOKED,CONSENT_REVOKED,CONSENT_REVOKED
686b7a0868465b15ca1fb406,5f0f6811a0ed4a11dbc57b79,REJECTED,Not Applicable,2025-07-07T07:41:02.168000Z,2025-07-07T07:43:53.850000Z,2025-07-21T15:22:20.616000Z,2025-07-07T07:45:02.282000Z,172.0,NOCODE,2496,CONSENT_REVOKED,CONSENT_REVOKED,CONSENT_REVOKED,CONSENT_REVOKED,CONSENT_REVOKED,CONSENT_REVOKED,CONSENT_REVOKED,CONSENT_REVOKED,CONSENT_REVOKED
686b7a0911402328f143c726,5b94df0a1aea7c00010a9668,RETURNED,Not Applicable,2025-07-07T07:41:01.434000Z,,,,,,3302,CONSENT_REVOKED,CONSENT_REVOKED,CONSENT_REVOKED,CONSENT_REVOKED,CONSENT_REVOKED,CONSENT_REVOKED,CONSENT_REVOKED,CONSENT_REVOKED,CONSENT_REVOKED
686b7a28ade9f068523fab60,677052c959de45fd60f8d1a9,RETURNED,Not Applicable,2025-07-07T07:41:37.564000Z,,,,,,1115,CONSENT_REVOKED,CONSENT_REVOKED,CONSENT_REVOKED,CONSENT_REVOKED,CONSENT_REVOKED,CONSENT_REVOKED,CONSENT_REVOKED,CONSENT_REVOKED,CONSENT_REVOKED
686b7a649c6f5b5ca1d300b6,5aee10753606ab0001b9277f,RETURNED,Not Applicable,2025-07-07T07:42:37.315000Z,,,,,,1101,CONSENT_REVOKED,CONSENT_REVOKED,CONSENT_REVOKED,CONSENT_REVOKED,CONSENT_REVOKED,CONSENT_REVOKED,CONSENT_REVOKED,CONSENT_REVOKED,CONSENT_REVOKED
686b7a6fe631df6e3dc3534a,5e99b08a24927e000a418025,RETURNED,Not Applicable,2025-07-07T07:42:45.848000Z,,,,,,2301,CONSENT_REVOKED,CONSENT_REVOKED,CONSENT_REVOKED,CONSENT_REVOKED,CONSENT_REVOKED,CONSENT_REVOKED,CONSENT_REVOKED,CONSENT_REVOKED,CONSENT_REVOKED
686b7aa7762a45b32722c46b,6159f89455d1810d6cc8c86b,RETURNED,Not Applicable,2025-07-07T07:43:40.240000Z,,,,,,2263,CONSENT_REVOKED,CONSENT_REVOKED,CONSENT_REVOKED,CONSENT_REVOKED,CONSENT_REVOKED,CONSENT_REVOKED,CONSENT_REVOKED,CONSENT_REVOKED,CONSENT_REVOKED
686b7abf165d9535cd665c2f,6447a78c4b1bef1d4b5b3d44,RETURNED,Not Applicable,2025-07-07T07:54:00.008000Z,,,,,,1157,CONSENT_REVOKED,CONSENT_REVOKED,CONSENT_REVOKED,CONSENT_REVOKED,CONSENT_REVOKED,CONSENT_REVOKED,CONSENT_REVOKED,CONSENT_REVOKED,CONSENT_REVOKED
686b7ac258f24ce7f082f711,595e2b257882150001241158,RETURNED,Not Applicable,2025-07-07T07:44:07.662000Z,,,,,,1796,CONSENT_REVOKED,CONSENT_REVOKED,CONSENT_REVOKED,CONSENT_REVOKED,CONSENT_REVOKED,CONSENT_REVOKED,CONSENT_REVOKED,CONSENT_REVOKED,CONSENT_REVOKED
686b7ac9406fc9a2830341e7,5eef2245f9461b073e20f386,RETURNED,Not Applicable,2025-07-07T07:44:16.712000Z,,,,,,3286,CONSENT_REVOKED,CONSENT_REVOKED,CONSENT_REVOKED,CONSENT_REVOKED,CONSENT_REVOKED,CONSENT_REVOKED,CONSENT_REVOKED,CONSENT_REVOKED,CONSENT_REVOKED
686b7acd58597a86c291761f,586400dfec49b5000158fbea,RETURNED,Not Applicable,2025-07-07T07:44:21.058000Z,,,,,,1737,CONSENT_REVOKED,CONSENT_REVOKED,CONSENT_REVOKED,CONSENT_REVOKED,CONSENT_REVOKED,CONSENT_REVOKED,CONSENT_REVOKED,CONSENT_REVOKED,CONSENT_REVOKED
686b7b1cc3532afeaa359cd1,6712dc9aa03ad1da92e70829,RETURNED,Not Applicable,2025-07-07T07:45:40.921000Z,,,,,,977,CONSENT_REVOKED,CONSENT_REVOKED,CONSENT_REVOKED,CONSENT_REVOKED,CONSENT_REVOKED,CONSENT_REVOKED,CONSENT_REVOKED,CONSENT_REVOKED,CONSENT_REVOKED
686b7bb123db73a01c298281,5dae21b2232c620011d6a06e,REJECTED,Not Applicable,2025-07-07T07:48:14.371000Z,2025-07-07T07:53:24.136000Z,2025-07-21T15:22:25.982000Z,2025-07-07T07:53:24.544000Z,310.0,NOCODE,1114,CONSENT_REVOKED,CONSENT_REVOKED,CONSENT_REVOKED,CONSENT_REVOKED,CONSENT_REVOKED,CONSENT_REVOKED,CONSENT_REVOKED,CONSENT_REVOKED,CONSENT_REVOKED
686b7bc47e03ce862acadefe,64455cfdcc83f30266ad2345,RETURNED,Not Applicable,2025-07-07T07:48:25.362000Z,,,,,,1502,CONSENT_REVOKED,CONSENT_REVOKED,CONSENT_REVOKED,CONSENT_REVOKED,CONSENT_REVOKED,CONSENT_REVOKED,CONSENT_REVOKED,CONSENT_REVOKED,CONSENT_REVOKED
